date,query,clicks,impressions,ctr,position
2026-09-12,punch in and out calculator,0,1,0,73
2026-09-12,punch in punch out calculator,0,1,0,65
2026-09-12,time card calculator with breaks,0,1,0,89
2026-09-12,time card calculator with multiple in and out,0,2,0,59
2026-09-13,time card calculator with multiple in and out,0,1,0,58
2026-09-13,time clock out,0,1,0,77
2026-09-13,time punch calculator,0,2,0,74
2026-09-13,time punches,0,1,0,71
2026-09-14,time clock out,0,1,0,75
2026-09-14,time punches,0,1,0,80
2026-09-15,20 mins in decimal,0,1,0,57
2026-09-15,payroll decimal,0,1,0,52
2026-09-15,time converter to decimals,0,1,0,58
2026-09-15,time punches,0,1,0,72
2026-09-15,time to decimals,0,1,0,65
2026-09-16,time card calculator with multiple punches,0,1,0,61
2026-09-16,time decimal conversion,0,1,0,73
2026-09-17,time card conversion to decimal,0,1,0,62
2026-09-22,convert payroll minutes to decimal,0,1,0,67
2026-09-22,payroll minute to decimal conversion,0,1,0,62
2026-09-26,time card calculator military time,0,1,0,52
